{
    "message0": "Increase NBT number tag %1 of block at x: %2 y: %3 z: %4 if it has tile entity by %5 (negative number will decrease)",
    "args0": [
        {
            "type": "input_value",
            "name": "tag",
            "check": "String"
        },
        {
			"type": "input_value",
			"name": "x",
			"check": "Number"
		},
		{
			"type": "input_value",
			"name": "y",
			"check": "Number"
		},
		{
			"type": "input_value",
			"name": "z",
			"check": "Number"
        },
        {
			"type": "input_value",
			"name": "increase",
			"check": "Number"
		}
    ],
    "inputsInline": true,
    "colour": "%{BKY_MATH_HUE}",
    "previousStatement": null,
    "nextStatement": null,
    "mcreator": {
        "toolbox_id": "blockactions",
        "toolbox_init": [
            "<value name=\"tag\"><block type=\"text\"><field name=\"TEXT\">tagName</field></block></value>",
            "<value name=\"x\"><block type=\"coord_x\"></block></value>",
			"<value name=\"y\"><block type=\"coord_y\"></block></value>",
            "<value name=\"z\"><block type=\"coord_z\"></block></value>",
            "<value name=\"increase\"><block type=\"math_number\"></block></value>"
        ],
        "inputs": [
            "tag",
			"x",
			"y",
            "z",
            "increase"
		],
		"dependencies": [{
			"name": "world",
			"type": "world"
		}]
    }
}