{
  "message0": "Print %1 in console with message type %2",
  "args0": [
    {
      "type": "input_value",
      "name": "message",
      "check": "String"
    },
    {
      "type": "field_dropdown",
      "name": "message_type",
      "options": [
          [
              "Info",
              "info"
          ],
          [
              "Debug",
              "debug"
          ],
          [
              "Warning",
              "warn"
          ],
          [
              "Error",
              "error"
          ],
          [
              "Fatal Error",
              "fatal"
          ]
      ]
    }
  ],
  "inputsInline": true,
  "previousStatement": null,
  "nextStatement": null,
  "colour": "%{BKY_TEXTS_HUE}",
  "mcreator": {
    "toolbox_id": "worldmanagement",
    "toolbox_init": [
      "<value name=\"text\"><block type=\"text\"><field name=\"TEXT\">Message</field></block></value>"
    ],
    "inputs": [
      "message"
    ],
    "fields": [
      "message_type"
    ]
  }
}
