{
"message0": "Add %1 attribute dependency",
"args0": [
   {
       "type":"input_value",
       "name":"entity",
       "check":"Entity"
   }
],
"inputsInline": true,
"previousStatement": null,
"nextStatement": false,
"colour": 195,
"extensions": [
],
"mcreator": {
   "toolbox_id": "dtm",
   "toolbox_init": [
       "<value name=\"entity\"><block type=\"entity_from_deps\"></block></value>"   ],
   "fields": [

   ],
   "inputs": [
       "entity"
   ],
   "dependencies": [
       {
           "type": "entity",
           "name": "entity"
       }
   ]
}
}