{
  "message0": "Heal %1 health point to %2",
  "args0": [
    {
      "type": "input_value",
      "name": "amount",
      "check": "Number"
    },
    {
      "type": "input_value",
      "name": "entity",
      "check": "Entity"
    }
  ],
  "inputsInline": true,
  "previousStatement": null,
  "nextStatement": null,
  "colour": 195,
  "mcreator": {
    "toolbox_id": "entitymanagement",
    "toolbox_init": [
      "<value name=\"amount\"><block type=\"math_number\"><field name=\"NUM\">1</field></block></value>",
      "<value name=\"entity\"><block type=\"entity_from_deps\"></block></value>"
    ],
    "inputs": [
      "amount",
      "entity"
    ]
  }
}
