{
    "message0": "Remove specific potion effect from %1 type",
    "args0": [
        {
            "type": "input_value",
            "name": "entity",
            "check": "Entity"
        } 
    ],
    "inputsInline": true,
    "colour": 175,
    "previousStatement": null,
    "nextStatement": null,
    "extensions": [
        "potion_list_provider"
      ],
    "mcreator": {
        "toolbox_id": "entitymanagement",
        "toolbox_init": [
            "<value name=\"entity\"><block type=\"entity_from_deps\"></block></value>"
        ],
        "inputs": [
            "entity"
        ],
        "fields": [
            "potion"
        ]
    }
}