{
  "args0": [
    {
      "type": "input_value",
      "name": "boolean",
      "check": "Boolean"
    },
    {
      "type": "input_value",
      "name": "entity",
      "check": "Entity"
    }
  ],
  "inputsInline": true,
  "previousStatement": null,
  "nextStatement": null,
  "colour": "35",
  "mcreator": {
    "toolbox_id": "manyoptions",
    "toolbox_init": [
      "<value name=\"boolean\"><block type=\"logic_boolean\"><field name=\"BOOL\">TRUE</field></block></value>",
      "<value name=\"entity\"><block type=\"entity_from_deps\"></block></value>"
    ],
    "inputs": [
      "boolean",
      "entity"
    ],
    "dependencies": [
      {
        "name": "entity",
        "type": "entity"
      }
    ]
  }
}