{
    "message0": "Set %1's no-gravity to %2",
    "args0": [
        {
            "type": "input_value",
            "name": "entity",
            "check": "Entity"
        },
        {
            "type": "input_value",
            "name": "gravityValue",
            "check": "Boolean"
        }
    ],
    "inputsInline": true,
    "previousStatement": null,
    "nextStatement": null,
    "colour": "%{BKY_LOGIC_HUE}",
    "mcreator": {
        "toolbox_id": "entitymanagement",
        "toolbox_init": [
            "<value name=\"entity\"><block type=\"entity_from_deps\"></block></value>",
            "<value name=\"gravityValue\"><block type=\"logic_boolean\"><field name=\"BOOL\">TRUE</field></block></value>"
        ],
        "inputs": [
            "entity",
            "gravityValue"
        ]
    }
}