{
    "message0": "Get localized text %1",
    "args0": [
        {
            "type": "input_value",
            "name": "key",
            "check": "String"
        }
    ],
    "inputsInline": true,
    "output": "String",
    "colour": "%{BKY_TEXTS_HUE}",
    "mcreator": {
        "toolbox_id": "text",
        "toolbox_init": [
            "<value name=\"key\"><block type=\"text\"><field name=\"TEXT\">block.minecraft.cobblestone</field></block></value>"
        ],
        "inputs": [
            "key"
        ]
    }
}