{
    "message0": "Show %1 totem-like animation",
    "args0": [
        {
            "type": "input_value",
            "name": "item",
            "check": "MCItem"
        }
    ],
    "inputsInline": true,
    "previousStatement": null,
    "nextStatement": null,
    "colour": "350",
    "mcreator": {
        "toolbox_id": "itemmanagement",
        "toolbox_init": [
            "<value name=\"item\"><block type=\"itemstack_to_mcitem\"></block></value>"
        ],
        "inputs": [
            "item"
        ]
    }
}
