{
    "message0": "Increase NBT number tag %1 of %2 by %3 (negative number will decrease)",
    "args0": [
        {
            "type": "input_value",
            "name": "tag",
            "check": "String"
        },
        {
            "type": "input_value",
            "name": "item",
            "check": "MCItem"
        },
        {
			"type": "input_value",
			"name": "increase",
			"check": "Number"
		}
    ],
    "inputsInline": true,
    "colour": "%{BKY_MATH_HUE}",
    "previousStatement": null,
    "nextStatement": null,
    "mcreator": {
        "toolbox_id": "itemmanagement",
        "toolbox_init": [
            "<value name=\"tag\"><block type=\"text\"><field name=\"TEXT\">tagName</field></block></value>",
            "<value name=\"item\"><block type=\"itemstack_to_mcitem\"></block></value>",
            "<value name=\"increase\"><block type=\"math_number\"></block></value>"
        ],
        "inputs": [
            "tag",
            "item",
            "increase"
		]
    }
}