{
  "args0": [
  {
      "type": "field_dropdown",
      "name": "ability",
      "options": [
      [
          "fly_speed",
          "getFlySpeed"
      ],
      [
          "walk_speed",
          "getWalkSpeed"
      ]
    ]
  },
	{
      "type": "input_value",
      "name": "entity",
      "check": "Entity"
  }
  ],
  "output": "Number",
  "colour": "%{BKY_MATH_HUE}",
  "mcreator": {
    "toolbox_id": "manyoptions",
	"toolbox_init": [
	  "<value name=\"entity\"><block type=\"entity_from_deps\"></block></value>"
    ],
	"fields": [
    "ability"
  ],
	"inputs": [
	  "entity"
	]
  }
}