{
  "args0": [
  {
      "type": "field_dropdown",
      "name": "ability",
      "options": [
      [
          "fly_speed",
          "setFlySpeed"
      ],
      [
          "walk_speed",
          "setWalkSpeed"
      ]
    ]
  },
  {
      "type": "input_value",
      "name": "entity",
      "check": "Entity"
  },
  {
      "type": "input_value",
      "name": "condition",
      "check": "Number"
  }
  ],
  "inputsInline": true,
  "previousStatement": null,
  "nextStatement": null,
  "colour": 135,
  "mcreator": {
    "toolbox_id": "manyoptions",
  "toolbox_init": [
    "<value name=\"entity\"><block type=\"entity_from_deps\"></block></value>",
    "<value name=\"condition\"><block type=\"math_number\"><field name=\"NUM\">0.1</field></block></value>"
    ],
  "fields": [
    "ability"
  ],
  "inputs": [
    "entity",
    "condition"
  ],
  "dependencies": [
    {
      "name": "entity",
      "type": "entity"
    }
  ]
  }
}