{
	"message0": "Strike cosmetic only lightning bolt at x: %1 y: %2 z: %3",
	"args0": [
		{
			"type": "input_value",
			"name": "x",
			"check": "Number"
		},
		{
			"type": "input_value",
			"name": "y",
			"check": "Number"
		},
		{
			"type": "input_value",
			"name": "z",
			"check": "Number"
		}
	],
	"inputsInline": true,
	"previousStatement": null,
	"nextStatement": null,
	"colour": 35,
	"mcreator": {
		"toolbox_id": "worldmanagement",
		"toolbox_init": [
			"<value name=\"x\"><block type=\"coord_x\"></block></value>",
			"<value name=\"y\"><block type=\"coord_y\"></block></value>",
			"<value name=\"z\"><block type=\"coord_z\"></block></value>"
		],
		"inputs": [
			"x",
			"y",
			"z"
		],
		"dependencies": [{
			"name": "world",
			"type": "world"
		}]
	}
}
