{
  "args0": [
    {
      "type": "field_dropdown",
      "name": "difficulty",
      "options": [
        [
          "PEACEFUL",
          "PEACEFUL"
        ],
        [
          "EASY",
          "EASY"
        ],
        [
          "NORMAL",
          "NORMAL"
        ],
        [
          "HARD",
          "HARD"
        ]
      ]
    }
  ],
  "inputsInline": true,
  "previousStatement": null,
  "nextStatement": null,
  "colour": "35",
  "mcreator": {
    "toolbox_id": "worldmanagement",
    "fields": [
      "difficulty"
    ],
    "dependencies": [
      {
        "name": "world",
        "type": "world"
      }
    ]
  }
}
